|||Sütunlar|
Satırlar|||Ankara-TR51|
||||
|||Tüketici Madde Fiyatları (2003=100)|
2005|01-Ocak|0441001. (Su Faturası)|1.5826|
||0451001. (Elektrik Ücreti)|0.16|
||0452101. (Doğal Gaz)|0.405|
||0722001. (Benzin)|2.3272|
||0830009. (İnternet Ücreti)|13.6864|
|02-Şubat|0441001. (Su Faturası)|1.5826|
||0451001. (Elektrik Ücreti)|0.16|
||0452101. (Doğal Gaz)|0.4|
||0722001. (Benzin)|2.3736|
||0830009. (İnternet Ücreti)|13.6917|
|03-Mart|0441001. (Su Faturası)|1.6068|
||0451001. (Elektrik Ücreti)|0.16|
||0452101. (Doğal Gaz)|0.42|
||0722001. (Benzin)|2.4071|
||0830009. (İnternet Ücreti)|13.6917|
|04-Nisan|0441001. (Su Faturası)|1.6198|
||0451001. (Elektrik Ücreti)|0.16|
||0452101. (Doğal Gaz)|0.42|
||0722001. (Benzin)|2.5419|
||0830009. (İnternet Ücreti)|13.9496|
|05-Mayıs|0441001. (Su Faturası)|1.7278|
||0451001. (Elektrik Ücreti)|0.16|
||0452101. (Doğal Gaz)|0.42|
||0722001. (Benzin)|2.4945|
||0830009. (İnternet Ücreti)|14.2074|
|06-Haziran|0441001. (Su Faturası)|1.8213|
||0451001. (Elektrik Ücreti)|0.16|
||0452101. (Doğal Gaz)|0.425|
||0722001. (Benzin)|2.5436|
||0830009. (İnternet Ücreti)|14.7099|
|07-Temmuz|0441001. (Su Faturası)|1.8213|
||0451001. (Elektrik Ücreti)|0.16|
||0452101. (Doğal Gaz)|0.45|
||0722001. (Benzin)|2.5802|
||0830009. (İnternet Ücreti)|14.3048|
|08-Ağustos|0441001. (Su Faturası)|1.8213|
||0451001. (Elektrik Ücreti)|0.16|
||0452101. (Doğal Gaz)|0.45|
||0722001. (Benzin)|2.6281|
||0830009. (İnternet Ücreti)|14.2357|
|09-Eylül|0441001. (Su Faturası)|1.8345|
||0451001. (Elektrik Ücreti)|0.16|
||0452101. (Doğal Gaz)|0.47|
||0722001. (Benzin)|2.7051|
||0830009. (İnternet Ücreti)|13.5793|
|10-Ekim|0441001. (Su Faturası)|1.8391|
||0451001. (Elektrik Ücreti)|0.16|
||0452101. (Doğal Gaz)|0.47|
||0722001. (Benzin)|2.6835|
||0830009. (İnternet Ücreti)|13.0636|
|11-Kasım|0441001. (Su Faturası)|1.8407|
||0451001. (Elektrik Ücreti)|0.16|
||0452101. (Doğal Gaz)|0.49|
||0722001. (Benzin)|2.5495|
||0830009. (İnternet Ücreti)|13.0636|
|12-Aralık|0441001. (Su Faturası)|1.8407|
||0451001. (Elektrik Ücreti)|0.16|
||0452101. (Doğal Gaz)|0.49|
||0722001. (Benzin)|2.5558|
||0830009. (İnternet Ücreti)|11.3426|
2006|01-Ocak|0441001. (Su Faturası)|1.5|
||0451001. (Elektrik Ücreti)|0.16|
||0452101. (Doğal Gaz)|0.49|
||0722001. (Benzin)|2.62|
||0830009. (İnternet Ücreti)|76.43|
|02-Şubat|0441001. (Su Faturası)|1.6349|
||0451001. (Elektrik Ücreti)|0.16|
||0452101. (Doğal Gaz)|0.48|
||0722001. (Benzin)|2.5827|
||0830009. (İnternet Ücreti)|76.4334|
|03-Mart|0441001. (Su Faturası)|1.6349|
||0451001. (Elektrik Ücreti)|0.16|
||0452101. (Doğal Gaz)|0.51|
||0722001. (Benzin)|2.6085|
||0830009. (İnternet Ücreti)|77.4654|
|04-Nisan|0441001. (Su Faturası)|1.5251|
||0451001. (Elektrik Ücreti)|0.16|
||0452101. (Doğal Gaz)|0.51|
||0722001. (Benzin)|2.7433|
||0830009. (İnternet Ücreti)|77.4654|
|05-Mayıs|0441001. (Su Faturası)|1.5413|
||0451001. (Elektrik Ücreti)|0.16|
||0452101. (Doğal Gaz)|0.52|
||0722001. (Benzin)|2.8096|
||0830009. (İnternet Ücreti)|77.4654|
|06-Haziran|0441001. (Su Faturası)|1.5748|
||0451001. (Elektrik Ücreti)|0.16|
||0452101. (Doğal Gaz)|0.54|
||0722001. (Benzin)|2.9803|
||0830009. (İnternet Ücreti)|78.2324|
|07-Temmuz|0441001. (Su Faturası)|1.6307|
||0451001. (Elektrik Ücreti)|0.16|
||0452101. (Doğal Gaz)|0.54|
||0722001. (Benzin)|3.0829|
||0830009. (İnternet Ücreti)|78.2324|
|08-Ağustos|0441001. (Su Faturası)|1.6424|
||0451001. (Elektrik Ücreti)|0.16|
||0452101. (Doğal Gaz)|0.58|
||0722001. (Benzin)|2.9861|
||0830009. (İnternet Ücreti)|78.2324|
|09-Eylül|0441001. (Su Faturası)|1.6424|
||0451001. (Elektrik Ücreti)|0.16|
||0452101. (Doğal Gaz)|0.58|
||0722001. (Benzin)|2.7674|
||0830009. (İnternet Ücreti)|70.7688|
|10-Ekim|0441001. (Su Faturası)|1.6424|
||0451001. (Elektrik Ücreti)|0.16|
||0452101. (Doğal Gaz)|0.58|
||0722001. (Benzin)|2.7179|
||0830009. (İnternet Ücreti)|70.7688|
|11-Kasım|0441001. (Su Faturası)|1.6487|
||0451001. (Elektrik Ücreti)|0.16|
||0452101. (Doğal Gaz)|0.61|
||0722001. (Benzin)|2.7129|
||0830009. (İnternet Ücreti)|70.7688|
|12-Aralık|0441001. (Su Faturası)|1.6487|
||0451001. (Elektrik Ücreti)|0.16|
||0452101. (Doğal Gaz)|0.61|
||0722001. (Benzin)|2.7429|
||0830009. (İnternet Ücreti)|70.7688|
2007|01-Ocak|0441001. (Su Faturası)|1.7158|
||0451001. (Elektrik Ücreti)|0.16|
||0452101. (Doğal Gaz)|0.6049|
||0722001. (Benzin)|2.6513|
||0830009. (İnternet Ücreti)|78.1663|
|02-Şubat|0441001. (Su Faturası)|1.7158|
||0451001. (Elektrik Ücreti)|0.16|
||0452101. (Doğal Gaz)|0.6049|
||0722001. (Benzin)|2.6875|
||0830009. (İnternet Ücreti)|78.1663|
|03-Mart|0441001. (Su Faturası)|1.7257|
||0451001. (Elektrik Ücreti)|0.16|
||0452101. (Doğal Gaz)|0.6049|
||0722001. (Benzin)|2.8257|
||0830009. (İnternet Ücreti)|78.1663|
|04-Nisan|0441001. (Su Faturası)|1.7456|
||0451001. (Elektrik Ücreti)|0.16|
||0452101. (Doğal Gaz)|0.6049|
||0722001. (Benzin)|2.8979|
||0830009. (İnternet Ücreti)|69.529|
|05-Mayıs|0441001. (Su Faturası)|1.7633|
||0451001. (Elektrik Ücreti)|0.16|
||0452101. (Doğal Gaz)|0.6049|
||0722001. (Benzin)|2.9829|
||0830009. (İnternet Ücreti)|69.529|
|06-Haziran|0441001. (Su Faturası)|1.7654|
||0451001. (Elektrik Ücreti)|0.16|
||0452101. (Doğal Gaz)|0.6049|
||0722001. (Benzin)|2.9536|
||0830009. (İnternet Ücreti)|69.529|
|07-Temmuz|0441001. (Su Faturası)|1.7654|
||0451001. (Elektrik Ücreti)|0.16|
||0452101. (Doğal Gaz)|0.6049|
||0722001. (Benzin)|2.8978|
||0830009. (İnternet Ücreti)|69.529|
|08-Ağustos|0441001. (Su Faturası)|1.7654|
||0451001. (Elektrik Ücreti)|0.16|
||0452101. (Doğal Gaz)|0.6049|
||0722001. (Benzin)|2.8562|
||0830009. (İnternet Ücreti)|60.8918|
|09-Eylül|0441001. (Su Faturası)|1.7796|
||0451001. (Elektrik Ücreti)|0.16|
||0452101. (Doğal Gaz)|0.6131|
||0722001. (Benzin)|2.8575|
||0830009. (İnternet Ücreti)|60.8918|
|10-Ekim|0441001. (Su Faturası)|1.7972|
||0451001. (Elektrik Ücreti)|0.16|
||0452101. (Doğal Gaz)|0.6131|
||0722001. (Benzin)|2.8307|
||0830009. (İnternet Ücreti)|60.8918|
|11-Kasım|0441001. (Su Faturası)|1.7972|
||0451001. (Elektrik Ücreti)|0.16|
||0452101. (Doğal Gaz)|0.6114|
||0722001. (Benzin)|3.0843|
||0830009. (İnternet Ücreti)|60.8918|
|12-Aralık|0441001. (Su Faturası)|1.7972|
||0451001. (Elektrik Ücreti)|0.16|
||0452101. (Doğal Gaz)|0.6049|
||0722001. (Benzin)|3.0443|
||0830009. (İnternet Ücreti)|60.8918|
2008|01-Ocak|0441001. (Su Faturası)|1.8436|
||0451001. (Elektrik Ücreti)|0.19|
||0452101. (Doğal Gaz)|0.6541|
||0722001. (Benzin)|3.0774|
||0830009. (İnternet Ücreti)|60.7361|
|02-Şubat|0441001. (Su Faturası)|1.8481|
||0451001. (Elektrik Ücreti)|0.19|
||0452101. (Doğal Gaz)|0.6541|
||0722001. (Benzin)|3.1026|
||0830009. (İnternet Ücreti)|60.7361|
|03-Mart|0441001. (Su Faturası)|1.8866|
||0451001. (Elektrik Ücreti)|0.19|
||0452101. (Doğal Gaz)|0.6546|
||0722001. (Benzin)|3.1969|
||0830009. (İnternet Ücreti)|60.7361|
|04-Nisan|0441001. (Su Faturası)|1.9447|
||0451001. (Elektrik Ücreti)|0.19|
||0452101. (Doğal Gaz)|0.658|
||0722001. (Benzin)|3.3295|
||0830009. (İnternet Ücreti)|60.7361|
|05-Mayıs|0441001. (Su Faturası)|2.0183|
||0451001. (Elektrik Ücreti)|0.19|
||0452101. (Doğal Gaz)|0.6629|
||0722001. (Benzin)|3.4164|
||0830009. (İnternet Ücreti)|60.7361|
|06-Haziran|0441001. (Su Faturası)|2.0542|
||0451001. (Elektrik Ücreti)|0.19|
||0452101. (Doğal Gaz)|0.7132|
||0722001. (Benzin)|3.4987|
||0830009. (İnternet Ücreti)|60.7361|
|07-Temmuz|0441001. (Su Faturası)|2.0583|
||0451001. (Elektrik Ücreti)|0.2287|
||0452101. (Doğal Gaz)|0.7123|
||0722001. (Benzin)|3.5086|
||0830009. (İnternet Ücreti)|60.7361|
|08-Ağustos|0441001. (Su Faturası)|2.0739|
||0451001. (Elektrik Ücreti)|0.2261|
||0452101. (Doğal Gaz)|0.8326|
||0722001. (Benzin)|3.2903|
||0830009. (İnternet Ücreti)|60.7361|
|09-Eylül|0441001. (Su Faturası)|2.0739|
||0451001. (Elektrik Ücreti)|0.2261|
||0452101. (Doğal Gaz)|0.8311|
||0722001. (Benzin)|3.2556|
||0830009. (İnternet Ücreti)|60.7361|
|10-Ekim|0441001. (Su Faturası)|2.2416|
||0451001. (Elektrik Ücreti)|0.2469|
||0452101. (Doğal Gaz)|0.8696|
||0722001. (Benzin)|3.1326|
||0830009. (İnternet Ücreti)|60.7361|
|11-Kasım|0441001. (Su Faturası)|2.2501|
||0451001. (Elektrik Ücreti)|0.2469|
||0452101. (Doğal Gaz)|1.0651|
||0722001. (Benzin)|2.9646|
||0830009. (İnternet Ücreti)|60.7361|
|12-Aralık|0441001. (Su Faturası)|2.2501|
||0451001. (Elektrik Ücreti)|0.2469|
||0452101. (Doğal Gaz)|1.0804|
||0722001. (Benzin)|2.7659|
||0830009. (İnternet Ücreti)|60.7361|
2009|01-Ocak|0441001. (Su Faturası)|2.2501|
||0451001. (Elektrik Ücreti)|0.2493|
||0452101. (Doğal Gaz)|1.08|
||0722001. (Benzin)|2.8228|
||0830009. (İnternet Ücreti)|33.1409|
|02-Şubat|0441001. (Su Faturası)|2.2548|
||0451001. (Elektrik Ücreti)|0.2493|
||0452101. (Doğal Gaz)|0.913|
||0722001. (Benzin)|2.8674|
||0830009. (İnternet Ücreti)|33.1409|
|03-Mart|0441001. (Su Faturası)|2.2761|
||0451001. (Elektrik Ücreti)|0.2493|
||0452101. (Doğal Gaz)|0.9171|
||0722001. (Benzin)|2.9124|
||0830009. (İnternet Ücreti)|30.6408|
|04-Nisan|0441001. (Su Faturası)|2.2808|
||0451001. (Elektrik Ücreti)|0.2453|
||0452101. (Doğal Gaz)|0.9263|
||0722001. (Benzin)|2.9725|
||0830009. (İnternet Ücreti)|30.6408|
|05-Mayıs|0441001. (Su Faturası)|2.2938|
||0451001. (Elektrik Ücreti)|0.2453|
||0452101. (Doğal Gaz)|0.7239|
||0722001. (Benzin)|3.0773|
||0830009. (İnternet Ücreti)|30.6408|
|06-Haziran|0441001. (Su Faturası)|2.2938|
||0451001. (Elektrik Ücreti)|0.2453|
||0452101. (Doğal Gaz)|0.7211|
||0722001. (Benzin)|3.2062|
||0830009. (İnternet Ücreti)|30.6408|
|07-Temmuz|0441001. (Su Faturası)|2.3127|
||0451001. (Elektrik Ücreti)|0.2453|
||0452101. (Doğal Gaz)|0.7186|
||0722001. (Benzin)|3.1445|
||0830009. (İnternet Ücreti)|30.6408|
|08-Ağustos|0441001. (Su Faturası)|2.5034|
||0451001. (Elektrik Ücreti)|0.2453|
||0452101. (Doğal Gaz)|0.716|
||0722001. (Benzin)|3.3031|
||0830009. (İnternet Ücreti)|30.6408|
|09-Eylül|0441001. (Su Faturası)|2.4633|
||0451001. (Elektrik Ücreti)|0.2453|
||0452101. (Doğal Gaz)|0.7129|
||0722001. (Benzin)|3.2744|
||0830009. (İnternet Ücreti)|30.6408|
|10-Ekim|0441001. (Su Faturası)|2.4633|
||0451001. (Elektrik Ücreti)|0.2693|
||0452101. (Doğal Gaz)|0.7123|
||0722001. (Benzin)|3.2918|
||0830009. (İnternet Ücreti)|30.6408|
|11-Kasım|0441001. (Su Faturası)|2.4633|
||0451001. (Elektrik Ücreti)|0.2693|
||0452101. (Doğal Gaz)|0.7139|
||0722001. (Benzin)|3.3469|
||0830009. (İnternet Ücreti)|30.6408|
|12-Aralık|0441001. (Su Faturası)|2.4633|
||0451001. (Elektrik Ücreti)|0.2693|
||0452101. (Doğal Gaz)|0.7127|
||0722001. (Benzin)|3.3558|
||0830009. (İnternet Ücreti)|30.6408|
2010|01-Ocak|0441001. (Su Faturası)|2.5822|
||0451001. (Elektrik Ücreti)|0.2724|
||0452101. (Doğal Gaz)|0.7126|
||0722001. (Benzin)|3.6502|
||0830009. (İnternet Ücreti)|57.5473|
|02-Şubat|0441001. (Su Faturası)|2.5822|
||0451001. (Elektrik Ücreti)|0.2724|
||0452101. (Doğal Gaz)|0.713|
||0722001. (Benzin)|3.6469|
||0830009. (İnternet Ücreti)|57.5473|
|03-Mart|0441001. (Su Faturası)|2.5822|
||0451001. (Elektrik Ücreti)|0.2724|
||0452101. (Doğal Gaz)|0.7138|
||0722001. (Benzin)|3.7356|
||0830009. (İnternet Ücreti)|57.5473|
|04-Nisan|0441001. (Su Faturası)|2.5822|
||0451001. (Elektrik Ücreti)|0.2724|
||0452101. (Doğal Gaz)|0.7159|
||0722001. (Benzin)|3.7531|
||0830009. (İnternet Ücreti)|57.5473|
|05-Mayıs|0441001. (Su Faturası)|2.5822|
||0451001. (Elektrik Ücreti)|0.2724|
||0452101. (Doğal Gaz)|0.7146|
||0722001. (Benzin)|3.6978|
||0830009. (İnternet Ücreti)|57.5473|
|06-Haziran|0441001. (Su Faturası)|2.5822|
||0451001. (Elektrik Ücreti)|0.2724|
||0452101. (Doğal Gaz)|0.7144|
||0722001. (Benzin)|3.6641|
||0830009. (İnternet Ücreti)|57.5473|
|07-Temmuz|0441001. (Su Faturası)|2.5822|
||0451001. (Elektrik Ücreti)|0.2724|
||0452101. (Doğal Gaz)|0.7184|
||0722001. (Benzin)|3.6642|
||0830009. (İnternet Ücreti)|57.5473|
|08-Ağustos|0441001. (Su Faturası)|2.5822|
||0451001. (Elektrik Ücreti)|0.2724|
||0452101. (Doğal Gaz)|0.7176|
||0722001. (Benzin)|3.6338|
||0830009. (İnternet Ücreti)|57.5473|
|09-Eylül|0441001. (Su Faturası)|2.5822|
||0451001. (Elektrik Ücreti)|0.2724|
||0452101. (Doğal Gaz)|0.7144|
||0722001. (Benzin)|3.6478|
||0830009. (İnternet Ücreti)|57.5473|
|10-Ekim|0441001. (Su Faturası)|2.5822|
||0451001. (Elektrik Ücreti)|0.2724|
||0452101. (Doğal Gaz)|0.7145|
||0722001. (Benzin)|3.68|
||0830009. (İnternet Ücreti)|57.5473|
|11-Kasım|0441001. (Su Faturası)|2.5822|
||0451001. (Elektrik Ücreti)|0.2724|
||0452101. (Doğal Gaz)|0.7106|
||0722001. (Benzin)|3.6896|
||0830009. (İnternet Ücreti)|57.5473|
|12-Aralık|0441001. (Su Faturası)|2.5822|
||0451001. (Elektrik Ücreti)|0.2724|
||0452101. (Doğal Gaz)|0.7092|
||0722001. (Benzin)|3.8312|
||0830009. (İnternet Ücreti)|57.5473|
2011|01-Ocak|0441001. (Su Faturası)|2.8976|
||0451001. (Elektrik Ücreti)|0.2718|
||0452101. (Doğal Gaz)|0.713|
||0722001. (Benzin)|3.936|
||0830009. (İnternet Ücreti)|35.9937|
|02-Şubat|0441001. (Su Faturası)|2.8976|
||0451001. (Elektrik Ücreti)|0.2718|
||0452101. (Doğal Gaz)|0.7169|
||0722001. (Benzin)|3.9733|
||0830009. (İnternet Ücreti)|35.9937|
|03-Mart|0441001. (Su Faturası)|2.8976|
||0451001. (Elektrik Ücreti)|0.2718|
||0452101. (Doğal Gaz)|0.7188|
||0722001. (Benzin)|4.0819|
||0830009. (İnternet Ücreti)|35.9937|
|04-Nisan|0441001. (Su Faturası)|2.8976|
||0451001. (Elektrik Ücreti)|0.27|
||0452101. (Doğal Gaz)|0.7193|
||0722001. (Benzin)|4.1703|
||0830009. (İnternet Ücreti)|35.9937|
|05-Mayıs|0441001. (Su Faturası)|2.8976|
||0451001. (Elektrik Ücreti)|0.27|
||0452101. (Doğal Gaz)|0.7161|
||0722001. (Benzin)|4.2137|
||0830009. (İnternet Ücreti)|35.9937|
|06-Haziran|0441001. (Su Faturası)|2.8976|
||0451001. (Elektrik Ücreti)|0.27|
||0452101. (Doğal Gaz)|0.7164|
||0722001. (Benzin)|4.1845|
||0830009. (İnternet Ücreti)|35.9937|
|07-Temmuz|0441001. (Su Faturası)|2.8976|
||0451001. (Elektrik Ücreti)|0.2699|
||0452101. (Doğal Gaz)|0.7192|
||0722001. (Benzin)|4.2645|
||0830009. (İnternet Ücreti)|35.9937|
|08-Ağustos|0441001. (Su Faturası)|2.8976|
||0451001. (Elektrik Ücreti)|0.2699|
||0452101. (Doğal Gaz)|0.7216|
||0722001. (Benzin)|4.3311|
||0830009. (İnternet Ücreti)|35.9937|
|09-Eylül|0441001. (Su Faturası)|2.8976|
||0451001. (Elektrik Ücreti)|0.2699|
||0452101. (Doğal Gaz)|0.727|
||0722001. (Benzin)|4.3725|
||0830009. (İnternet Ücreti)|35.9937|
|10-Ekim|0441001. (Su Faturası)|2.8976|
||0451001. (Elektrik Ücreti)|0.2958|
||0452101. (Doğal Gaz)|0.8195|
||0722001. (Benzin)|4.3211|
||0830009. (İnternet Ücreti)|35.9937|
|11-Kasım|0441001. (Su Faturası)|2.8976|
||0451001. (Elektrik Ücreti)|0.2958|
||0452101. (Doğal Gaz)|0.8238|
||0722001. (Benzin)|4.2473|
||0830009. (İnternet Ücreti)|35.9937|
|12-Aralık|0441001. (Su Faturası)|2.8976|
||0451001. (Elektrik Ücreti)|0.2958|
||0452101. (Doğal Gaz)|0.8208|
||0722001. (Benzin)|4.2461|
||0830009. (İnternet Ücreti)|35.9937|
2012|01-Ocak|0441001. (Su Faturası)|2.9564|
||0451001. (Elektrik Ücreti)|0.2976|
||0452101. (Doğal Gaz)|0.8268|
||0722001. (Benzin)|4.3602|
||0830009. (İnternet Ücreti)|50.9075|
|02-Şubat|0441001. (Su Faturası)|2.9564|
||0451001. (Elektrik Ücreti)|0.2976|
||0452101. (Doğal Gaz)|0.8284|
||0722001. (Benzin)|4.3921|
||0830009. (İnternet Ücreti)|50.9075|
|03-Mart|0441001. (Su Faturası)|2.9564|
||0451001. (Elektrik Ücreti)|0.2976|
||0452101. (Doğal Gaz)|0.8224|
||0722001. (Benzin)|4.5617|
||0830009. (İnternet Ücreti)|50.9075|
|04-Nisan|0441001. (Su Faturası)|2.9564|
||0451001. (Elektrik Ücreti)|0.3252|
||0452101. (Doğal Gaz)|0.9593|
||0722001. (Benzin)|4.671|
||0830009. (İnternet Ücreti)|51.2278|
|05-Mayıs|0441001. (Su Faturası)|2.9564|
||0451001. (Elektrik Ücreti)|0.3252|
||0452101. (Doğal Gaz)|0.9606|
||0722001. (Benzin)|4.3486|
||0830009. (İnternet Ücreti)|51.2278|
|06-Haziran|0441001. (Su Faturası)|2.9564|
||0451001. (Elektrik Ücreti)|0.3252|
||0452101. (Doğal Gaz)|0.9598|
||0722001. (Benzin)|4.2347|
||0830009. (İnternet Ücreti)|51.2278|
|07-Temmuz|0441001. (Su Faturası)|2.9564|
||0451001. (Elektrik Ücreti)|0.3252|
||0452101. (Doğal Gaz)|0.9632|
||0722001. (Benzin)|4.3072|
||0830009. (İnternet Ücreti)|51.2278|
|08-Ağustos|0441001. (Su Faturası)|2.9564|
||0451001. (Elektrik Ücreti)|0.3252|
||0452101. (Doğal Gaz)|0.9617|
||0722001. (Benzin)|4.4861|
||0830009. (İnternet Ücreti)|51.2278|
|09-Eylül|0441001. (Su Faturası)|2.9564|
||0451001. (Elektrik Ücreti)|0.3252|
||0452101. (Doğal Gaz)|0.961|
||0722001. (Benzin)|4.6009|
||0830009. (İnternet Ücreti)|51.2278|
|10-Ekim|0441001. (Su Faturası)|2.9564|
||0451001. (Elektrik Ücreti)|0.357|
||0452101. (Doğal Gaz)|1.0559|
||0722001. (Benzin)|4.8027|
||0830009. (İnternet Ücreti)|51.2278|
|11-Kasım|0441001. (Su Faturası)|2.9564|
||0451001. (Elektrik Ücreti)|0.357|
||0452101. (Doğal Gaz)|1.0556|
||0722001. (Benzin)|4.6022|
||0830009. (İnternet Ücreti)|51.2278|
|12-Aralık|0441001. (Su Faturası)|2.9564|
||0451001. (Elektrik Ücreti)|0.357|
||0452101. (Doğal Gaz)|1.0553|
||0722001. (Benzin)|4.618|
||0830009. (İnternet Ücreti)|54.444|
2013|01-Ocak|0441001. (Su Faturası)|3.2666|
||0451001. (Elektrik Ücreti)|0.357|
||0452101. (Doğal Gaz)|1.0549|
||0722001. (Benzin)|4.69|
||0830009. (İnternet Ücreti)|58.5834|
|02-Şubat|0441001. (Su Faturası)|3.2666|
||0451001. (Elektrik Ücreti)|0.357|
||0452101. (Doğal Gaz)|1.0545|
||0722001. (Benzin)|4.8544|
||0830009. (İnternet Ücreti)|58.5834|
|03-Mart|0441001. (Su Faturası)|3.2666|
||0451001. (Elektrik Ücreti)|0.357|
||0452101. (Doğal Gaz)|1.0535|
||0722001. (Benzin)|4.7461|
||0830009. (İnternet Ücreti)|58.5834|
|04-Nisan|0441001. (Su Faturası)|3.2935|
||0451001. (Elektrik Ücreti)|0.3587|
||0452101. (Doğal Gaz)|1.056|
||0722001. (Benzin)|4.6341|
||0830009. (İnternet Ücreti)|58.5834|
|05-Mayıs|0441001. (Su Faturası)|3.2935|
||0451001. (Elektrik Ücreti)|0.3587|
||0452101. (Doğal Gaz)|1.0562|
||0722001. (Benzin)|4.6366|
||0830009. (İnternet Ücreti)|58.5834|
|06-Haziran|0441001. (Su Faturası)|3.3115|
||0451001. (Elektrik Ücreti)|0.3587|
||0452101. (Doğal Gaz)|1.0562|
||0722001. (Benzin)|4.7313|
||0830009. (İnternet Ücreti)|58.5834|
|07-Temmuz|0441001. (Su Faturası)|3.3473|
||0451001. (Elektrik Ücreti)|0.3585|
||0452101. (Doğal Gaz)|1.0602|
||0722001. (Benzin)|4.8531|
||0830009. (İnternet Ücreti)|58.5834|
|08-Ağustos|0441001. (Su Faturası)|3.3742|
||0451001. (Elektrik Ücreti)|0.3585|
||0452101. (Doğal Gaz)|1.0644|
||0722001. (Benzin)|4.8672|
||0830009. (İnternet Ücreti)|58.5834|
|09-Eylül|0441001. (Su Faturası)|3.3742|
||0451001. (Elektrik Ücreti)|0.3585|
||0452101. (Doğal Gaz)|1.0639|
||0722001. (Benzin)|4.8918|
||0830009. (İnternet Ücreti)|58.5834|
|10-Ekim|0441001. (Su Faturası)|3.401|
||0451001. (Elektrik Ücreti)|0.3585|
||0452101. (Doğal Gaz)|1.0694|
||0722001. (Benzin)|4.8085|
||0830009. (İnternet Ücreti)|58.5834|
|11-Kasım|0441001. (Su Faturası)|3.4189|
||0451001. (Elektrik Ücreti)|0.3585|
||0452101. (Doğal Gaz)|1.0679|
||0722001. (Benzin)|4.803|
||0830009. (İnternet Ücreti)|58.5834|
|12-Aralık|0441001. (Su Faturası)|3.4278|
||0451001. (Elektrik Ücreti)|0.3585|
||0452101. (Doğal Gaz)|1.0689|
||0722001. (Benzin)|4.878|
||0830009. (İnternet Ücreti)|58.5834|
2014|01-Ocak|0441001. (Su Faturası)|3.4546|
||0451001. (Elektrik Ücreti)|0.3577|
||0452101. (Doğal Gaz)|1.07|
||0722001. (Benzin)|4.9881|
||0830009. (İnternet Ücreti)|68.7486|
|02-Şubat|0441001. (Su Faturası)|3.5526|
||0451001. (Elektrik Ücreti)|0.3577|
||0452101. (Doğal Gaz)|1.0775|
||0722001. (Benzin)|5.0875|
||0830009. (İnternet Ücreti)|68.7486|
|03-Mart|0441001. (Su Faturası)|3.5881|
||0451001. (Elektrik Ücreti)|0.3577|
||0452101. (Doğal Gaz)|1.0831|
||0722001. (Benzin)|5.0825|
||0830009. (İnternet Ücreti)|68.7486|
|04-Nisan|0441001. (Su Faturası)|3.6148|
||0451001. (Elektrik Ücreti)|0.3588|
||0452101. (Doğal Gaz)|1.0813|
||0722001. (Benzin)|5.0258|
||0830009. (İnternet Ücreti)|68.7486|
|05-Mayıs|0441001. (Su Faturası)|3.9325|
||0451001. (Elektrik Ücreti)|0.3588|
||0452101. (Doğal Gaz)|1.0782|
||0722001. (Benzin)|4.9704|
||0830009. (İnternet Ücreti)|68.7486|
|06-Haziran|0441001. (Su Faturası)|3.9325|
||0451001. (Elektrik Ücreti)|0.3588|
||0452101. (Doğal Gaz)|1.0748|
||0722001. (Benzin)|5.0664|
||0830009. (İnternet Ücreti)|68.7486|
|07-Temmuz|0441001. (Su Faturası)|3.9325|
||0451001. (Elektrik Ücreti)|0.3589|
||0452101. (Doğal Gaz)|1.0745|
||0722001. (Benzin)|5.0854|
||0830009. (İnternet Ücreti)|68.7486|
|08-Ağustos|0441001. (Su Faturası)|3.9588|
||0451001. (Elektrik Ücreti)|0.3589|
||0452101. (Doğal Gaz)|1.0761|
||0722001. (Benzin)|4.993|
||0830009. (İnternet Ücreti)|68.7486|
|09-Eylül|0441001. (Su Faturası)|3.9764|
||0451001. (Elektrik Ücreti)|0.3589|
||0452101. (Doğal Gaz)|1.0765|
||0722001. (Benzin)|4.9453|
||0830009. (İnternet Ücreti)|68.7486|
|10-Ekim|0441001. (Su Faturası)|4.1482|
||0451001. (Elektrik Ücreti)|0.3913|
||0452101. (Doğal Gaz)|1.1619|
||0722001. (Benzin)|4.8192|
||0830009. (İnternet Ücreti)|68.7486|
|11-Kasım|0441001. (Su Faturası)|4.3339|
||0451001. (Elektrik Ücreti)|0.3913|
||0452101. (Doğal Gaz)|1.1671|
||0722001. (Benzin)|4.6667|
||0830009. (İnternet Ücreti)|68.7486|
|12-Aralık|0441001. (Su Faturası)|4.3339|
||0451001. (Elektrik Ücreti)|0.3913|
||0452101. (Doğal Gaz)|1.1656|
||0722001. (Benzin)|4.3418|
||0830009. (İnternet Ücreti)|68.7486|
2015|01-Ocak|0441001. (Su Faturası)|4.3506|
||0451001. (Elektrik Ücreti)|0.3907|
||0452101. (Doğal Gaz)|1.1663|
||0722001. (Benzin)|4.1564|
||0830009. (İnternet Ücreti)|75.0485|
|02-Şubat|0441001. (Su Faturası)|4.3679|
||0451001. (Elektrik Ücreti)|0.3907|
||0452101. (Doğal Gaz)|1.1704|
||0722001. (Benzin)|4.3603|
||0830009. (İnternet Ücreti)|75.0485|
|03-Mart|0441001. (Su Faturası)|4.4112|
||0451001. (Elektrik Ücreti)|0.3907|
||0452101. (Doğal Gaz)|1.1763|
||0722001. (Benzin)|4.4453|
||0830009. (İnternet Ücreti)|75.0485|
|04-Nisan|0441001. (Su Faturası)|4.4591|
||0451001. (Elektrik Ücreti)|0.3904|
||0452101. (Doğal Gaz)|1.1845|
||0722001. (Benzin)|4.5286|
||0830009. (İnternet Ücreti)|75.0485|
|05-Mayıs|0441001. (Su Faturası)|4.5111|
||0451001. (Elektrik Ücreti)|0.3904|
||0452101. (Doğal Gaz)|1.1885|
||0722001. (Benzin)|4.7221|
||0830009. (İnternet Ücreti)|75.0485|
|06-Haziran|0441001. (Su Faturası)|4.5537|
||0451001. (Elektrik Ücreti)|0.3904|
||0452101. (Doğal Gaz)|1.2046|
||0722001. (Benzin)|4.8113|
||0830009. (İnternet Ücreti)|75.0485|
|07-Temmuz|0441001. (Su Faturası)|4.563|
||0451001. (Elektrik Ücreti)|0.3906|
||0452101. (Doğal Gaz)|1.2174|
||0722001. (Benzin)|4.7493|
||0830009. (İnternet Ücreti)|75.0485|
|08-Ağustos|0441001. (Su Faturası)|4.563|
||0451001. (Elektrik Ücreti)|0.3906|
||0452101. (Doğal Gaz)|1.2175|
||0722001. (Benzin)|4.568|
||0830009. (İnternet Ücreti)|75.0485|
|09-Eylül|0441001. (Su Faturası)|4.6063|
||0451001. (Elektrik Ücreti)|0.3906|
||0452101. (Doğal Gaz)|1.2231|
||0722001. (Benzin)|4.537|
||0830009. (İnternet Ücreti)|75.0485|
|10-Ekim|0441001. (Su Faturası)|4.6667|
||0451001. (Elektrik Ücreti)|0.3903|
||0452101. (Doğal Gaz)|1.2353|
||0722001. (Benzin)|4.4613|
||0830009. (İnternet Ücreti)|75.4412|
|11-Kasım|0441001. (Su Faturası)|4.6667|
||0451001. (Elektrik Ücreti)|0.3903|
||0452101. (Doğal Gaz)|1.2358|
||0722001. (Benzin)|4.3711|
||0830009. (İnternet Ücreti)|75.4412|
|12-Aralık|0441001. (Su Faturası)|4.8641|
||0451001. (Elektrik Ücreti)|0.3903|
||0452101. (Doğal Gaz)|1.2304|
||0722001. (Benzin)|4.3331|
||0830009. (İnternet Ücreti)|75.4412|
2016|01-Ocak|0441001. (Su Faturası)|5.1257|
||0451001. (Elektrik Ücreti)|0.4117|
||0452101. (Doğal Gaz)|1.2312|
||0722001. (Benzin)|4.2754|
||0830009. (İnternet Ücreti)|76.0468|
|02-Şubat|0441001. (Su Faturası)|5.1547|
||0451001. (Elektrik Ücreti)|0.4117|
||0452101. (Doğal Gaz)|1.2346|
||0722001. (Benzin)|4.135|
||0830009. (İnternet Ücreti)|76.0468|
|03-Mart|0441001. (Su Faturası)|5.1547|
||0451001. (Elektrik Ücreti)|0.4117|
||0452101. (Doğal Gaz)|1.2349|
||0722001. (Benzin)|4.2833|
||0830009. (İnternet Ücreti)|76.0468|
|04-Nisan|0441001. (Su Faturası)|5.1643|
||0451001. (Elektrik Ücreti)|0.4123|
||0452101. (Doğal Gaz)|1.2321|
||0722001. (Benzin)|4.372|
||0830009. (İnternet Ücreti)|76.0468|
|05-Mayıs|0441001. (Su Faturası)|5.1932|
||0451001. (Elektrik Ücreti)|0.4123|
||0452101. (Doğal Gaz)|1.2284|
||0722001. (Benzin)|4.5069|
||0830009. (İnternet Ücreti)|76.0468|
|06-Haziran|0441001. (Su Faturası)|5.2704|
||0451001. (Elektrik Ücreti)|0.4123|
||0452101. (Doğal Gaz)|1.2302|
||0722001. (Benzin)|4.5263|
||0830009. (İnternet Ücreti)|76.0468|
|07-Temmuz|0441001. (Su Faturası)|5.28|
||0451001. (Elektrik Ücreti)|0.4124|
||0452101. (Doğal Gaz)|1.2341|
||0722001. (Benzin)|4.4109|
||0830009. (İnternet Ücreti)|81.7459|
|08-Ağustos|0441001. (Su Faturası)|5.2993|
||0451001. (Elektrik Ücreti)|0.4124|
||0452101. (Doğal Gaz)|1.2321|
||0722001. (Benzin)|4.423|
||0830009. (İnternet Ücreti)|81.7459|
|09-Eylül|0441001. (Su Faturası)|5.2993|
||0451001. (Elektrik Ücreti)|0.4124|
||0452101. (Doğal Gaz)|1.2377|
||0722001. (Benzin)|4.6924|
||0830009. (İnternet Ücreti)|81.7459|
|10-Ekim|0441001. (Su Faturası)|5.309|
||0451001. (Elektrik Ücreti)|0.4124|
||0452101. (Doğal Gaz)|1.1348|
||0722001. (Benzin)|4.8643|
||0830009. (İnternet Ücreti)|81.7459|
|11-Kasım|0441001. (Su Faturası)|5.3571|
||0451001. (Elektrik Ücreti)|0.4124|
||0452101. (Doğal Gaz)|1.1393|
||0722001. (Benzin)|4.8602|
||0830009. (İnternet Ücreti)|81.7459|
|12-Aralık|0441001. (Su Faturası)|5.4536|
||0451001. (Elektrik Ücreti)|0.4124|
||0452101. (Doğal Gaz)|1.1474|
||0722001. (Benzin)|5.1223|
||0830009. (İnternet Ücreti)|81.7459|
2017|01-Ocak|0441001. (Su Faturası)|5.6277|
||0451001. (Elektrik Ücreti)|0.4118|
||0452101. (Doğal Gaz)|1.1653|
||0722001. (Benzin)|5.3492|
||0830009. (İnternet Ücreti)|54.1051|
|02-Şubat|0441001. (Su Faturası)|5.8398|
||0451001. (Elektrik Ücreti)|0.4118|
||0452101. (Doğal Gaz)|1.1763|
||0722001. (Benzin)|5.3755|
||0830009. (İnternet Ücreti)|54.1051|
|03-Mart|0441001. (Su Faturası)|5.9169|
||0451001. (Elektrik Ücreti)|0.4118|
||0452101. (Doğal Gaz)|1.1854|
||0722001. (Benzin)|5.2232|
||0830009. (İnternet Ücreti)|54.1051|
|04-Nisan|0441001. (Su Faturası)|5.9748|
||0451001. (Elektrik Ücreti)|0.4118|
||0452101. (Doğal Gaz)|1.1809|
||0722001. (Benzin)|5.3355|
||0830009. (İnternet Ücreti)|54.1051|
|05-Mayıs|0441001. (Su Faturası)|6.0134|
||0451001. (Elektrik Ücreti)|0.4118|
||0452101. (Doğal Gaz)|1.1807|
||0722001. (Benzin)|5.1713|
||0830009. (İnternet Ücreti)|54.1051|
|06-Haziran|0441001. (Su Faturası)|6.0423|
||0451001. (Elektrik Ücreti)|0.4118|
||0452101. (Doğal Gaz)|1.1764|
||0722001. (Benzin)|5.0578|
||0830009. (İnternet Ücreti)|54.1051|
|07-Temmuz|0441001. (Su Faturası)|6.0423|
||0451001. (Elektrik Ücreti)|0.4118|
||0452101. (Doğal Gaz)|1.1745|
||0722001. (Benzin)|5.0974|
||0830009. (İnternet Ücreti)|54.1051|
|08-Ağustos|0441001. (Su Faturası)|6.0905|
||0451001. (Elektrik Ücreti)|0.4118|
||0452101. (Doğal Gaz)|1.1749|
||0722001. (Benzin)|5.226|
||0830009. (İnternet Ücreti)|54.1051|
|09-Eylül|0441001. (Su Faturası)|6.1291|
||0451001. (Elektrik Ücreti)|0.4118|
||0452101. (Doğal Gaz)|1.1741|
||0722001. (Benzin)|5.302|
||0830009. (İnternet Ücreti)|54.1051|
|10-Ekim|0441001. (Su Faturası)|6.1483|
||0451001. (Elektrik Ücreti)|0.412|
||0452101. (Doğal Gaz)|1.1697|
||0722001. (Benzin)|5.3401|
||0830009. (İnternet Ücreti)|54.1051|
|11-Kasım|0441001. (Su Faturası)|6.2448|
||0451001. (Elektrik Ücreti)|0.412|
||0452101. (Doğal Gaz)|1.1776|
||0722001. (Benzin)|5.626|
||0830009. (İnternet Ücreti)|54.1051|
|12-Aralık|0441001. (Su Faturası)|6.3605|
||0451001. (Elektrik Ücreti)|0.412|
||0452101. (Doğal Gaz)|1.1912|
||0722001. (Benzin)|5.6209|
||0830009. (İnternet Ücreti)|54.1051|
2018|01-Ocak|0441001. (Su Faturası)|6.3731|
||0451001. (Elektrik Ücreti)|0.4482|
||0452101. (Doğal Gaz)|1.1976|
||0722001. (Benzin)|5.7033|
||0830009. (İnternet Ücreti)|47.8751|
|02-Şubat|0441001. (Su Faturası)|6.4298|
||0451001. (Elektrik Ücreti)|0.4482|
||0452101. (Doğal Gaz)|1.1916|
||0722001. (Benzin)|5.6807|
||0830009. (İnternet Ücreti)|47.8751|
|03-Mart|0441001. (Su Faturası)|6.6001|
||0451001. (Elektrik Ücreti)|0.4482|
||0452101. (Doğal Gaz)|1.1912|
||0722001. (Benzin)|5.7628|
||0830009. (İnternet Ücreti)|47.8751|
|04-Nisan|0441001. (Su Faturası)|6.7041|
||0451001. (Elektrik Ücreti)|0.4612|
||0452101. (Doğal Gaz)|1.1941|
||0722001. (Benzin)|6.0582|
||0830009. (İnternet Ücreti)|47.8751|
|05-Mayıs|0441001. (Su Faturası)|6.8743|
||0451001. (Elektrik Ücreti)|0.4612|
||0452101. (Doğal Gaz)|1.2061|
||0722001. (Benzin)|6.2126|
||0830009. (İnternet Ücreti)|47.8751|
|06-Haziran|0441001. (Su Faturası)|7.1108|
||0451001. (Elektrik Ücreti)|0.4612|
||0452101. (Doğal Gaz)|1.2172|
||0722001. (Benzin)|6.2938|
||0830009. (İnternet Ücreti)|63.3241|
|07-Temmuz|0441001. (Su Faturası)|7.3093|
||0451001. (Elektrik Ücreti)|0.4612|
||0452101. (Doğal Gaz)|1.2422|
||0722001. (Benzin)|6.2938|
||0830009. (İnternet Ücreti)|65.2728|
|08-Ağustos|0441001. (Su Faturası)|7.4418|
||0451001. (Elektrik Ücreti)|0.5027|
||0452101. (Doğal Gaz)|1.3299|
||0722001. (Benzin)|6.6093|
||0830009. (İnternet Ücreti)|65.2728|
|09-Eylül|0441001. (Su Faturası)|7.2335|
||0451001. (Elektrik Ücreti)|0.5479|
||0452101. (Doğal Gaz)|1.4541|
||0722001. (Benzin)|6.9478|
||0830009. (İnternet Ücreti)|65.2728|
|10-Ekim|0441001. (Su Faturası)|7.0162|
||0451001. (Elektrik Ücreti)|0.5972|
||0452101. (Doğal Gaz)|1.6101|
||0722001. (Benzin)|6.9972|
||0830009. (İnternet Ücreti)|65.2728|
|11-Kasım|0441001. (Su Faturası)|7.0729|
||0451001. (Elektrik Ücreti)|0.5972|
||0452101. (Doğal Gaz)|1.5982|
||0722001. (Benzin)|6.6202|
||0830009. (İnternet Ücreti)|55.3841|
|12-Aralık|0441001. (Su Faturası)|7.0729|
||0451001. (Elektrik Ücreti)|0.5972|
||0452101. (Doğal Gaz)|1.5684|
||0722001. (Benzin)|6.1207|
||0830009. (İnternet Ücreti)|55.3841|
2019|01-Ocak|0441001. (Su Faturası)|6.0546|
||0451001. (Elektrik Ücreti)|0.5375|
||0452101. (Doğal Gaz)|1.4381|
||0722001. (Benzin)|6.1281|
||0830009. (İnternet Ücreti)|55.0434|
|02-Şubat|0441001. (Su Faturası)|5.1305|
||0451001. (Elektrik Ücreti)|0.5375|
||0452101. (Doğal Gaz)|1.4414|
||0722001. (Benzin)|6.2488|
||0830009. (İnternet Ücreti)|55.6648|
|03-Mart|0441001. (Su Faturası)|5.1305|
||0451001. (Elektrik Ücreti)|0.5375|
||0452101. (Doğal Gaz)|1.4364|
||0722001. (Benzin)|6.6373|
||0830009. (İnternet Ücreti)|55.9174|
|04-Nisan|0441001. (Su Faturası)|5.1305|
||0451001. (Elektrik Ücreti)|0.5375|
||0452101. (Doğal Gaz)|1.4433|
||0722001. (Benzin)|7.0432|
||0830009. (İnternet Ücreti)|55.7981|
|05-Mayıs|0441001. (Su Faturası)|5.1305|
||0451001. (Elektrik Ücreti)|0.5375|
||0452101. (Doğal Gaz)|1.458|
||0722001. (Benzin)|7.1235|
||0830009. (İnternet Ücreti)|56.3973|
|06-Haziran|0441001. (Su Faturası)|5.1305|
||0451001. (Elektrik Ücreti)|0.5375|
||0452101. (Doğal Gaz)|1.4799|
||0722001. (Benzin)|6.9311|
||0830009. (İnternet Ücreti)|57.281|
|07-Temmuz|0441001. (Su Faturası)|5.1305|
||0451001. (Elektrik Ücreti)|0.6181|
||0452101. (Doğal Gaz)|1.4773|
||0722001. (Benzin)|7.066|
||0830009. (İnternet Ücreti)|56.9151|
|08-Ağustos|0441001. (Su Faturası)|5.1305|
||0451001. (Elektrik Ücreti)|0.6181|
||0452101. (Doğal Gaz)|1.6779|
||0722001. (Benzin)|6.7605|
||0830009. (İnternet Ücreti)|57.3943|
|09-Eylül|0441001. (Su Faturası)|5.1305|
||0451001. (Elektrik Ücreti)|0.6181|
||0452101. (Doğal Gaz)|1.8965|
||0722001. (Benzin)|6.9502|
||0830009. (İnternet Ücreti)|57.8226|
|10-Ekim|0441001. (Su Faturası)|5.1305|
||0451001. (Elektrik Ücreti)|0.7102|
||0452101. (Doğal Gaz)|1.9064|
||0722001. (Benzin)|6.9383|
||0830009. (İnternet Ücreti)|58.4221|
|11-Kasım|0441001. (Su Faturası)|5.1305|
||0451001. (Elektrik Ücreti)|0.7102|
||0452101. (Doğal Gaz)|1.9078|
||0722001. (Benzin)|6.9342|
||0830009. (İnternet Ücreti)|58.844|
|12-Aralık|0441001. (Su Faturası)|5.1305|
||0451001. (Elektrik Ücreti)|0.7102|
||0452101. (Doğal Gaz)|1.9093|
||0722001. (Benzin)|6.9804|
||0830009. (İnternet Ücreti)|59.2039|
2020|01-Ocak|0441001. (Su Faturası)|5.2127|
||0451001. (Elektrik Ücreti)|0.7102|
||0452101. (Doğal Gaz)|1.9098|
||0722001. (Benzin)|7.0686|
||0830009. (İnternet Ücreti)|58.8981|
|02-Şubat|0441001. (Su Faturası)|5.2127|
||0451001. (Elektrik Ücreti)|0.7102|
||0452101. (Doğal Gaz)|1.9198|
||0722001. (Benzin)|6.8177|
||0830009. (İnternet Ücreti)|59.4834|
|03-Mart|0441001. (Su Faturası)|5.2127|
||0451001. (Elektrik Ücreti)|0.7102|
||0452101. (Doğal Gaz)|1.924|
||0722001. (Benzin)|5.8462|
||0830009. (İnternet Ücreti)|59.7204|
|04-Nisan|0441001. (Su Faturası)|5.2127|
||0451001. (Elektrik Ücreti)|0.7102|
||0452101. (Doğal Gaz)|1.9364|
||0722001. (Benzin)|5.2394|
||0830009. (İnternet Ücreti)|60.3592|
|05-Mayıs|0441001. (Su Faturası)|5.2127|
||0451001. (Elektrik Ücreti)|0.7102|
||0452101. (Doğal Gaz)|1.9641|
||0722001. (Benzin)|5.7321|
||0830009. (İnternet Ücreti)|61.0592|
|06-Haziran|0441001. (Su Faturası)|5.2127|
||0451001. (Elektrik Ücreti)|0.7102|
||0452101. (Doğal Gaz)|1.9853|
||0722001. (Benzin)|6.1403|
||0830009. (İnternet Ücreti)|61.4687|
|07-Temmuz|0441001. (Su Faturası)|5.2127|
||0451001. (Elektrik Ücreti)|0.7102|
||0452101. (Doğal Gaz)|1.9746|
||0722001. (Benzin)|6.397|
||0830009. (İnternet Ücreti)|61.8042|
|08-Ağustos|0441001. (Su Faturası)|5.2127|
||0451001. (Elektrik Ücreti)|0.7102|
||0452101. (Doğal Gaz)|1.9784|
||0722001. (Benzin)|6.6124|
||0830009. (İnternet Ücreti)|62.3433|
|09-Eylül|0441001. (Su Faturası)|5.2127|
||0451001. (Elektrik Ücreti)|0.7102|
||0452101. (Doğal Gaz)|1.9914|
||0722001. (Benzin)|6.757|
||0830009. (İnternet Ücreti)|63.305|
|10-Ekim|0441001. (Su Faturası)|5.2127|
||0451001. (Elektrik Ücreti)|0.7511|
||0452101. (Doğal Gaz)|2.011|
||0722001. (Benzin)|6.8316|
||0830009. (İnternet Ücreti)|64.5152|
|11-Kasım|0441001. (Su Faturası)|5.2127|
||0451001. (Elektrik Ücreti)|0.7511|
||0452101. (Doğal Gaz)|2.0338|
||0722001. (Benzin)|6.8221|
||0830009. (İnternet Ücreti)|65.0576|
|12-Aralık|0441001. (Su Faturası)|5.2127|
||0451001. (Elektrik Ücreti)|0.7511|
||0452101. (Doğal Gaz)|2.0533|
||0722001. (Benzin)|7.1727|
||0830009. (İnternet Ücreti)|66.0217|
2021|01-Ocak|0441001. (Su Faturası)|5.2435|
||0451001. (Elektrik Ücreti)|0.7975|
||0452101. (Doğal Gaz)|2.0544|
||0722001. (Benzin)|7.2555|
||0830009. (İnternet Ücreti)|66.2986|
|02-Şubat|0441001. (Su Faturası)|5.2435|
||0451001. (Elektrik Ücreti)|0.7975|
||0452101. (Doğal Gaz)|2.0502|
||0722001. (Benzin)|7.2834|
||0830009. (İnternet Ücreti)|67.2231|
|03-Mart|0441001. (Su Faturası)|5.2435|
||0451001. (Elektrik Ücreti)|0.7975|
||0452101. (Doğal Gaz)|2.0506|
||0722001. (Benzin)|7.2215|
||0830009. (İnternet Ücreti)|67.8572|
|04-Nisan|0441001. (Su Faturası)|5.2435|
||0451001. (Elektrik Ücreti)|0.7975|
||0452101. (Doğal Gaz)|2.0769|
||0722001. (Benzin)|7.1333|
||0830009. (İnternet Ücreti)|68.5443|
|05-Mayıs|0441001. (Su Faturası)|5.2435|
||0451001. (Elektrik Ücreti)|0.7975|
||0452101. (Doğal Gaz)|2.0993|
||0722001. (Benzin)|7.384|
||0830009. (İnternet Ücreti)|69.1365|
|06-Haziran|0441001. (Su Faturası)|5.2435|
||0451001. (Elektrik Ücreti)|0.7975|
||0452101. (Doğal Gaz)|2.0563|
||0722001. (Benzin)|7.7942|
||0830009. (İnternet Ücreti)|70.2197|
|07-Temmuz|0441001. (Su Faturası)|5.2435|
||0451001. (Elektrik Ücreti)|0.9172|
||0452101. (Doğal Gaz)|2.2478|
||0722001. (Benzin)|7.8085|
||0830009. (İnternet Ücreti)|71.385|
|08-Ağustos|0441001. (Su Faturası)|5.3571|
||0451001. (Elektrik Ücreti)|0.9172|
||0452101. (Doğal Gaz)|2.2575|
||0722001. (Benzin)|7.8111|
||0830009. (İnternet Ücreti)|71.7263|
|09-Eylül|0441001. (Su Faturası)|5.48|
||0451001. (Elektrik Ücreti)|0.9172|
||0452101. (Doğal Gaz)|2.2661|
||0722001. (Benzin)|7.8232|
||0830009. (İnternet Ücreti)|73.1729|
|10-Ekim|0441001. (Su Faturası)|5.5557|
||0451001. (Elektrik Ücreti)|0.9172|
||0452101. (Doğal Gaz)|2.2714|
||0722001. (Benzin)|7.9934|
||0830009. (İnternet Ücreti)|73.7116|
|11-Kasım|0441001. (Su Faturası)|5.8206|
||0451001. (Elektrik Ücreti)|0.9172|
||0452101. (Doğal Gaz)|2.2775|
||0722001. (Benzin)|8.6198|
||0830009. (İnternet Ücreti)|74.596|
|12-Aralık|0441001. (Su Faturası)|6.3503|
||0451001. (Elektrik Ücreti)|0.9172|
||0452101. (Doğal Gaz)|2.2893|
||0722001. (Benzin)|10.7631|
||0830009. (İnternet Ücreti)|75.3537|
2022|01-Ocak|0441001. (Su Faturası)|7.642|
||0451001. (Elektrik Ücreti)|1.5562|
||0452101. (Doğal Gaz)|2.7461|
||0722001. (Benzin)|13.6795|
||0830009. (İnternet Ücreti)|76.27|
|02-Şubat|0441001. (Su Faturası)|8.1088|
||0451001. (Elektrik Ücreti)|1.4809|
||0452101. (Doğal Gaz)|2.8172|
||0722001. (Benzin)|15.2121|
||0830009. (İnternet Ücreti)|77.5432|
|03-Mart|0441001. (Su Faturası)|8.3863|
||0451001. (Elektrik Ücreti)|1.3372|
||0452101. (Doğal Gaz)|2.8833|
||0722001. (Benzin)|18.9021|
||0830009. (İnternet Ücreti)|79.0905|
|04-Nisan|0441001. (Su Faturası)|10.2548|
||0451001. (Elektrik Ücreti)|1.3372|
||0452101. (Doğal Gaz)|3.6834|
||0722001. (Benzin)|19.1386|
||0830009. (İnternet Ücreti)|81.5053|
||||
